id,name,desc,wuchs,reifezeit,lageansprüche,color,wine_desc,pilzresistent,img_url,verrieselanfälligkeit,ertrag,regelmässig,huglin_min,huglin_max,regen_min,regen_max,sonnestrahlung_min,sonnestrahlung_max,sonnenwinkel_min,sonnenwinkel_max,kalkgehalt_min,kalkgehalt_max,bodentiefe_min,bodentiefe_max,bodenbeschaffenheit_min,bodenbeschaffenheit_max
0,Amigne,"Praktisch nur in den Reblagen von Vétroz kommt diese Rarität vor. Man erkennt sie an ihren grossen, behaarten Blättern und langstieligen Trauben. Die Wuchskraft passt sich gut an die Unterlage an. Die späte Holz- und Traubenreife begrenzt den Anbau auf gute Lagen.",Mittel,Ende Oktober,Hoch,Weiss,"Die neutralen, feinen Weine mit zartem Bukett sind oft ziemlich alkoholreich. Interessant sind insbesondere auch die Weine mit Restsüsse, dank der sie lange gelagert werden können.",FALSE,https:/www.rebschule-meier.ch/sites/default/files/2018-09/amigne.jpg,3,3,1,,,,,,,,,,,,,,
1,Baron* (Freiburger Neuzüchtung),FR 455-83 r Mehrfachkreuzung mit Cabernet Sauvignon.,Stark,Anfang Oktober,Mittel,Blau,Die Vorteile der neuen innovativen PIWI-Rebsorten liegen auf der Hand:,TRUE,https:/www.rebschule-meier.ch/sites/default/files/styles/large/public/2017-06/Diolinoir.jpg,,,,,,,,,,,,,,,,,
2,Bianca,"Diese Neuzüchtung aus Ungarn (Villard blanc3Bouvier) bringt kleinere, lockere Trauben hervor. Die Reife von Bianca fällt etwa mit derjenigen des Blauburgunders zusammen, die Sorte erfordert aber gute Blauburgunderlagen. Die Resistenz gegenüber Echtem und Falschem Mehltau ist sehr gut, und dank dem lockeren Traubenaufbau ist sie auch wenig botrytisanfällig. Die Sorte neigt zu Alternanz und kann bei schlechten Blühbedingungen stark verrieseln.",Stark,Anfang Oktober,Hoch,Weiss,"Bianca bringt duftige Weine von mittlerem Körper und angenehmer Säure hervor, zum Teil mit einer exotischen Note.",TRUE,https:/www.rebschule-meier.ch/sites/default/files/2017-06/Bianca.JPG,,,,,,,,,,,,,,,,,
3,Bronner*,"Auch der Bronner (Merzling3Gm 6494) verlangt gute, nicht zu trockene Blauburgunderlagen. Er ist frohwüchsig, und vor allem die Resistenz gegenüber dem Falschen Mehltau ist ausgesprochen gut. Die Pockenmilbe scheint besonderen Gefallen an der Sorte zu finden. Das Laub des Bronner erinnert an den Sauvignon blanc, die Trauben sind länglich und kompakt.",Mittel bis Stark,Anfang Oktober,Mittel,Weiss,"Der Bronner ist ein fruchtiger, kräftiger Wein.",TRUE,https:/www.rebschule-meier.ch/sites/default/files/2018-12/bronner.jpg,,,,,,,,,,,,,,,,,
4,Cabernet Carbon* (Freiburger Neuzüchtung),FR 377-83 r Mehrfachkreuzung mit Cabernet Sauvignon.,Stark,Ende Oktober,Hoch,Blau,"Dieser Wein wird würzig, ein sehr intensiver Cabernet-Typ, farbintensiv und sehr extraktreich.",TRUE,https:/www.rebschule-meier.ch/sites/default/files/styles/large/public/2018-09/cabernet-carol.jpg,,,,,,,,,,,,,,,,,
5,Cabernet Carol* (Freiburger Neuzüchtung),FR 428-82 r Mehrfachkreuzung mit Cabernet Sauvignon,Stark,Ende Oktober,Hoch,Blau,"Fäulnisanfälligkeit wie PN Klon 2/45. Dieser Wein wird würzig, sehr intensiver Cabernet-Typ, sehr farbintensiv und extraktreich.",TRUE,https:/www.rebschule-meier.ch/sites/default/files/2018-09/cabernet-carol.jpg,,,,,,,,,,,,,,,,,
6,Cabernet Cortis* (Freiburger Neuzüchtung),FR 437-82 r Mehrfachkreuzung mit Cabernet Sauvignon,Stark,Anfang Oktober,Mittel,Blau,"Mostgewicht ca. 10°Oe über PN. Geringe Fäulnisanfälligkeit. Dieser Wein wird sehr würzig, intensiver Cabernet-Typ, farbintensiv und sehr extraktreich.",TRUE,https:/www.rebschule-meier.ch/sites/default/files/2018-09/cabernet-cortis.jpg,,,,,,,,,,,,,,,,,
7,Cabernet Dorsa,Weinsberger Neuzüchtungen,Stark,Anfang Oktober,Mittel bis Hoch,Blau,"Der Wein dieser Spezialitätensorte ist in der Farbe selbständig und besitzt einen ansprechenden, vollmundigen Charakter mit spürbarem Gerbstoff.",FALSE,https:/www.rebschule-meier.ch/sites/default/files/2018-09/cabernet-dorsa.jpg,1,2,3,,,,,,,,,,,,,,
8,Cabernet Mitos (Weinsberger Neuzüchtung),"Blauer Limberger3Cabernet Sauvignon. Im Sinne der angestrebten Erntequalität (Zucker-, Aroma-, Säurereife) dürfen nur gute Lagen als Standort ausgewählt werden. Cabernet Mitos hat einen bläulichroten-schwarzroten Beerensaft, weshalb sich sein gerbstoffbetonter, körperreicher Wein in Cuvées hervorragend bewährt. Selbständig ausgebaut, besticht Cabernet-Mitos-Wein durch Fülle und Kompaktheit – sehr hoher zuckerfreier Extrakt sowie eine deutliche, mit der Weinentwicklung zunehmend erkennbare Cabernet-Sauvignon-Note.",Mittel bis Stark,Ende Oktober,Hoch,Blau,Gute Fülle und Kompaktheit. Cabernet Sauvignon-Note.,FALSE,https:/www.rebschule-meier.ch/sites/default/files/2018-09/cabernet-mitos.jpg,,,,,,,,,,,,,,,,,
9,Cabernet Sauvignon,"Cabernet Sauvignon ist eine der meistangebauten Qualitätsrebsorten der Welt. Im Verschnitt mit den milderen Rebsorten Cabernet franc, Merlot, Malbec oder Petit Verdot entstehen unter anderem die langlebigen Rotweine des Bordeaux. In der Schweiz findet man diese Sorte vor allem im Tessin, in Genf oder im Wallis. Bezüglich des Bodens ist sie anspruchslos, ganz im Gegensatz zu ihren Klimaansprüchen. Der Cabernet Sauvignon treibt im Frühjahr spät aus und reift spät. Für gute Weinqualität muss der Behang stark reduziert werden (unter 500 g/m2). Starke Unterlagen sind nicht zu empfehlen. Ungenügend ausgereiftes Traubengut führt zu grasigen, unausgewogenen Weinen. Die Beeren des Cabernet Sauvignon sind eher klein. Das hohe Verhältnis der Kerne zum Fruchtfleisch trägt viel zum hohen Tanningehalt von Cabernet Sauvignon bei, während die dicke Beerenhaut der tiefen Farbe des Weines zugrunde liegt. Die feste Schale in Kombination mit dem lockeren Traubengerüst macht die Trauben widerstandsfähig gegenüber Botrytis. Man kann diese Sorte noch sehr spät im Herbst ohne Schaden hängen lassen. Die Blätter hingegen sind im Sommer empfindlich gegenüber Echtem Mehltau. Zur Verfügung stehen verschiedene französische Klone. Klon 15 und 169 sind sehr reichtragend, kleinere Erträge bringen die Klone 336 und 338.",Mittel,Ende Oktober,Hoch,Blau,"Bemerkenswert am Cabernet Sauvignon ist der eindeutige Fruchtgeschmack, der oft mit schwarzen Johannisbeeren verglichen wird, während das Aroma an grüne Paprika erinnert. Die Weine sind meist sehr robust und langlebig.",FALSE,https:/www.rebschule-meier.ch/sites/default/files/2018-09/cabernet-sauvignon.jpg,1,2,2,1800,2100,300,500,3000,4000,1,2,1,2,1,3,1,3
10,Carminoir,"Kürzlich erfolgte die Taufe des Carminoir. Er wurde vom bekannten RAC-Züchter André Jaquinet aus Blauburgunder und Cabernet Sauvignon gekreuzt. Der Carminoir ist eine fruchtbare Rebe, welche bezüglich ihrer zapfenartigen, kompakten Trauben an ihre Mutter aus dem Burgund erinnert. Die Erfahrungen aus dem Tessin zeigen, dass die Reife etwa zur selben Zeit wie beim Merlot eintritt. Der Carminoir zeigt trotz der dichten Traube eine bemerkenswerte Fäulnisresistenz.",Mittel,Ende Oktober,Hoch,Blau,Reifes Erntegut ergibt sehr farbintensive und gut strukturierte Weine mit komplexem Aroma.,FALSE,https:/www.rebschule-meier.ch/sites/default/files/styles/large/public/2017-06/Seibel.jpg,1,3,3,,,,,,,,,,,,,,
11,Chambourcin,"Es handelt sich um eine spätreifende Sorte (wie Merlot) mit mittelstarkem Wuchs und sie ist daher eher für südliche Lagen (Tessin) geeignet. Sie verlangt eine starke Unterlage. Die Trauben sind gross und mehr oder weniger kompakt, weisen aber häufig ungenügend befruchtete Kleinbeeren auf. Zugunsten der Qualität sollte eine Ertragsregulierung erfolgen. Die Sorte zeigt eine gute Krankheitsresistenz gegen Falschen Mehltau und Blackrot. Die Resistenz gegen Echten Mehltau wird ebenfalls als ziemlich gut bezeichnet.",Mittel,Ende Oktober,Hoch,Blau,"Der Wein ist gehaltvoll, südländisch geprägt und erinnert etwas an Merlot. Als junger Wein kann er noch rauh wirken.",TRUE,https:/www.rebschule-meier.ch/sites/default/files/2017-06/Chambourcin.jpg,,,,,,,,,,,,,,,,,
12,Chancellor*,"Der Chancellor (Seibel 7053) gehört mit seiner späten Reife in gute Blauburgunderlagen. Sein kräftiger Wuchs, die grossen Trauben und die gute Fruchtbarkeit machen eine Ausdünnung unbedingt notwendig. Der Chancellor weist eine gute Mehltautoleranz auf.",Stark,Ende Oktober,Hoch,Blau,Der Wein ist ausgesprochen gehaltvoll.,TRUE,https:/www.rebschule-meier.ch/sites/default/files/2018-09/chancellor.jpg,,,,,,,,,,,,,,,,,
13,Chardonnay,Diese Weissweinsorte stammt aus dem Burgund und hat in den letzten Jahren eine beispiellose Karriere durchlaufen. Vor allem in Kalifornien ist sie gleichsam zum Synonym für Weisswein geworden. Auch in der Schweiz findet der Chardonnay seit einigen Jahren zunehmend Interesse.,Mittel,Anfang Oktober,Hoch,Weiss,"Reifes Traubengut ergibt wuchtige Weine mit ausdrucksvoller Frucht (Obst, Grapefruit, Haselnuss, Butter), viel Gehalt und prägnanter Säure.",FALSE,https:/www.rebschule-meier.ch/sites/default/files/2017-06/Chardonnay.JPG,1,2,2,1700,1900,300,500,3000,4000,2,3,1,2,1,3,2,3
14,Charmont,"1965 wurden die Sorten Chasselas und Chardonnay an der Forschungsanstalt Changins von Jean-Louis Simon und André Jaquinet gekreuzt. Das Ziel war es, eine ähnliche Sorte wie den Chasselas zu erhalten mit geringeren Lageansprüchen, aber regelmässigeren Erträgen und höheren Zuckergehalten. Bei gleicher Säure wie beim Chasselas liegt der durchschnittliche Zuckergehalt des Charmont um zehn Öchslegrade höher. Dem Wein selber ist oft ein an den Chardonnay erinnerndes Bouquet eigen; im Allgemeinen ergibt er aber verhältnismässig neutrale Weissweine, die in der Regel mindestens so viel Fülle aufweisen wie der Chasselas.",Mittel bis Stark,Mitte September,Mittel,Weiss,Im Bukett erinnert der neutrale Charmont oft an Chardonnay.,FALSE,https:/www.rebschule-meier.ch/sites/default/files/2017-06/Charmont.jpg,1,3,2,,,,,,,,,,,,,,
15,Chasselas (Gutedel),"Die Bedeutung des Gutedel oder Chasselas in der Schweizer Weinwirtschaft ist seit jeher und nach wie vor hoch. Auf fruchtbarem Boden in windgeschützter Lage findet diese Sorte beste Bedingungen. Sie ist bekanntlich eine etwas launische Sorte. Einerseits empfindlich auf Verrieselung bei schlechtem Blühwetter, kann der Gutedel bei günstigen Bedingungen äusserst fruchtbar sein. Manuelle Ertragsregulierung führt nicht immer zum beabsichtigten Ziel, da sich die verbleibenden Trauben umso grösser entwickeln. Bewusste Lenkung des Stickstoffangebots ist die Voraussetzung, um den Ertrag besser zu kontrollieren. Die geringe Fruchtbarkeit der Nebenaugen macht den Gutedel auch etwas spätfrostanfällig.",Mittel,Anfang Oktober,Mittel bis Hoch,Weiss,"Chasselas sind erfrischende, eher leichte und bekömmliche Weine mit moderatem Säuregehalt.",FALSE,https:/www.rebschule-meier.ch/sites/default/files/2017-06/Chasselas2.jpg,3,3,1,,,,,,,,,,,,,,
16,Completer,"Synonyme für den Completer sind Lindauer, Malanstraube und edelweisser Räuschling. Die Trauben sind gross und pyramidenförmig. Die dickhäutigen Beeren werden gelb mit braunen Flecken. Der Completer zeigt mittelstarken Wuchs. Die spätreife Sorte gehört in beste Lagen. Sie ist ziemlich robust bezüglich Pilzkrankheiten, kann aber bei schlechtem Blühwetter etwas verrieseln. Hauptsächlich wird der Completer in der Bündner Herrschaft angebaut, die bekannteste Lage ist die Completer-Halde in Malans.",Mittel bis Stark,Ende Oktober,Hoch,Weiss,Completer-Weine sind aromatisch und körperreich mit robuster Säure. Langlebig.,FALSE,https:/www.rebschule-meier.ch/sites/default/files/styles/large/public/2018-09/rheinriesling.jpg,1,2,3,,,,,,,,,,,,,,
17,Cornalin,"Der Cornalin ist eine der ältesten im Kanton Wallis angepflanzten Rebsorten. Ihren heute gebräuchlichen Namen erhielt die Rebsorte erst 1972, auf Initiative des damaligen Rebbaukommissärs Jean Nicolier. Davor hiess der Cornalin schlicht «Landroter» oder «Rouge du Pays». Man kennt keine nahe oder entfernte Verwandtschaft mit anderen Sorten. Der Cornalin reift sehr spät, und nur beste Standorte garantieren die erwünschte Qualität. Die Fruchtbarkeit ist gut, jedoch nicht sehr regelmässig (Alternanz). Eine Ertragsregulierung ist deshalb unerlässlich. Gegenüber Botrytis ist die Sorte anfällig, und Magnesiummangel ruft sehr oft eine starke Rötung der Blätter hervor. Mit dem Magnesiummangel geht gelegentlich auch die Stiellähme einher.",Mittel bis Stark,Anfang November,Hoch,Blau,"Der Cornalin ist ein tiefdunkler Wein mit einem delikat-komplexen Bukett und einem perfekten Körper. In seiner Jugend kann er etwas rustikal und ungestüm wirken, entwickelt jedoch im Alter eine schöne Finesse.",FALSE,https:/www.rebschule-meier.ch/sites/default/files/styles/large/public/2017-06/Gamay.jpg,1,2,1,,,,,,,,,,,,,,
18,Dakapo,"Diese Kreuzung von Deckrot mit Portugieser ist eine der jüngeren, aussichtsreichen Geisenheimer Deckrotweinsorten. Sie liebt mittlere bis gute Lagen und zeichnet sich durch mittelstarken, aufrechten Wuchs und ihre Blüte- und Winterfrostfestigkeit aus. Die Erfahrung hat gezeigt, dass die Sorte den Charakter des zu unterstützenden Weines nicht negativ beeinflusst. Sie wird ausschliesslich als Deckrotwein verwendet.",Mittel,Anfang Oktober,Mittel,Blau,Deckrotwein,FALSE,https:/www.rebschule-meier.ch/sites/default/files/2017-06/Dakapo.jpg,1,3,3,,,,,,,,,,,,,,
19,Diolinoir,"Die neue Kreuzung aus den Traubensorten Rouge du Diolly und Blauburgunder hat ihren Standort nur in besten Vorzugslagen. Ein Anbau in marginalem Klima ist falsch, da eine knappe Traubenreife zu grünen, unharmonischen Weinen führt. Für qualitativ gute Weine müssen mindestens 90 Grad Öchsle erreicht werden. Im Vergleich zum Blauburgunder bringt er im Schnitt aber 4 Öchslegrade weniger. Die hohe Botrytisresistenz, aufgrund der dicken Beerenhaut, ist der grösste Vorteil dieser Sorte. Im Wuchs zeigt sich die Sorte mittel bis kräftig, sollte also nicht zu eng gepflanzt werden. Als zertifizierter Klon steht der RMW1 und RAC16 zur Verfügung.",Mittel bis Stark,Anfang Oktober,Hoch,Blau,"Der Wein hat eine sehr hohe Dichte mit kräftigen, aber runden, samtigen Gerbstoffen und tiefer Farbe. Die Lagerfähigkeit ist beachtenswert.",FALSE,https:/www.rebschule-meier.ch/sites/default/files/2017-06/Diolinoir.jpg,2,3,1,,,,,,,,,,,,,,
20,Doral,"Wie der Charmont ist auch der Doral aus der Kreuzung Chasselas3Chardonnay hervorgegangen. Im Gegensatz zu diesem hat er kleinere Trauben und Beeren. Ihr Wuchs ist mittel bis eher schwächer, ebenso ist die Fruchtbarkeit mittel. Seine Weine zeigen etwas mehr Rasse (Säure), Fülle und Struktur als der Charmont. Neu ist der Klon 4 (RAC 13).",Schwach bis Mittel,Mitte September,Mittel,Weiss,Weine offenbaren etwas mehr Rasse als der Charmont.,FALSE,https:/www.rebschule-meier.ch/sites/default/files/2017-06/Doral.jpg,2,2,2,,,,,,,,,,,,,,
21,Dornfelder,"Die als eine der aussichtsreichsten Neuzüchtungen beurteilte Sorte wurde 1955 an der Staatlichen Lehr- und Versuchsanstalt für Wein- und Obstbau in Weinsberg gezüchtet. Als Kreuzungspartner wurden die beiden Sorten Helfensteiner (Frühburgunder x Trollinger) und Heroldrebe (Portugieser x Limberger) verwendet. Der Dornfelder besitzt eine auffallend dunkle Farbe, milde bis kräftige Säure und eine attraktive, würzige Frucht. Im Weinberg lässt er sich bequem kultivieren, hat er doch einen aufrechten, kräftigen Wuchs und eine geringe Neigung zur Geiztriebbildung. Die Trauben sind auffallend gross und locker mit hartschaligen Beeren, die folglich wenig botrytisanfällig sind. Ebenso tief ist die Anfälligkeit gegenüber Echtem Mehltau, während die Sorte normal anfällig auf Falschen Mehltau ist. Die Reifezeit liegt vor dem Blauburgunder, eine späte Lese ist jedoch möglich. Der Standort sollte nicht zu trocken sein. Das hohe Fruchtbarkeitspotential des Dornfelders erfordert einen kurzen Anschnitt sowie eine Ertragsregulierung durch Ausdünnen. Dabei muss berücksichtigt werden, dass bei früher Ausdünnung in Verbindung mit starkem Wuchs ein Ausgleich über die Ausbildung grösserer Beeren erfolgt. Vorteilhaft ist es, erst zum Zeitpunkt von Weichwerden und Verfärbung auszudünnen. Der farbkräftige Dornfelder kann gleichzeitig als Deckrotwein für farbschwache Weine verwendet werden.",Stark,Anfang Oktober,Mittel bis Hoch,Blau,"Es entstehen ansprechende, dunkelrote, fruchtige und körperreiche Weine mit feiner Holundernote. Die Säure ist nicht besonders ausgeprägt.",FALSE,https:/www.rebschule-meier.ch/sites/default/files/2018-12/dornfelden.jpg,1,3,2,,,,,,,,,,,,,,
22,Dunkelfelder,"Die besonderen Vorteile des Dunkelfelders liegen im hohen Reifegrad der Weine und der sehr guten Deckkraft bei geringen Säuregehalten. Im Versuch mit Blauburgunder hat er sich als Färbertraube gut bewährt. Vorteilhaft ist ein Mitgären direkt in der Blauburgundermaische (ca. 1%). Eine geschmackliche Beeinflussung des Blauburgunders ist insofern nicht zu befürchten, als der Dunkelfelder für eine Färbertraube einen erstaunlich runden Wein ergibt, der sogar bei sortenreiner Kelterung noch angenehm zum Konsumieren ist. Die Reife ist im Vergleich zum Blauburgunder etwa zehn Tage früher, dank der ausgezeichneten Fäulnisresistenz können die Trauben aber auch noch sehr spät gelesen werden. Die Rotfärbung der Blätter lässt die Sorte im Rebberg schon von weitem erkennen.",Schwach,Mitte September,Tief bis Mittel,Blau,Deckrotwein,FALSE,https:/www.rebschule-meier.ch/sites/default/files/styles/large/public/2018-08/sirame.jpg,1,2,2,,,,,,,,,,,,,,
23,Freisamer,"Freisamer ist eine Kreuzung aus Silvaner3Pinot gris des staatlichen Weinbauinstitutes Freiburg (D) aus dem Jahre 1962. Ursprünglich als Ersatz für den Pinot gris gedacht, ist die Sorte eher rückläufig, was auf die züchterische Verbesserung des Pinot gris zurückzuführen ist. Der Austrieb ist mittelfrüh, die Blüte spät bei mittlerer bis guter Blühfestigkeit. Der Freisamer reift mittelfrüh und ergibt einen zufriedenstellenden Ertrag. Die Weine sind angenehm füllig.",Mittel,Mitte September,Mittel,Weiss,Im Charakter ähnelt der Freisamer dem Pinot gris. Liebliche Versionen des Weines sind eine Spezialität der Bündner Herrschaft.,FALSE,https:/www.rebschule-meier.ch/sites/default/files/2018-12/freisamer.jpg,,,,,,,,,,,,,,,,,
24,Gamaret (B13),"Hervorgegangen aus einer Kreuzung zwischen Gamay und Reichensteiner an der Forschungsanstalt Changins, stösst der Gamaret heute auf grosses Interesse bei den Winzern. 1991 erhielt die Sorte den Eintrag in die Schweizer Sorten-liste. Dank der sehr hohen Botrytisresistenz, der lockeren Laubwand und dem aufrechten Wuchs erscheint die Sorte als weinbaulich sehr interessant. Die regelmässig guten Erträge sind jedoch zu regulieren. Der Gamaret reift mit dem Blauburgunder oder nur wenig früher. Als zertifizierter Klon steht der 4-4 RAC14 zur Verfügung",Mittel,Mitte September,Mittel,Blau,"Die tanninreichen, feinen Weine weisen eine gute Struktur und intensive Farbe auf. Wie beim Garanoir liegt auch bei dieser Sorte der Säuregehalt tief.",FALSE,https:/www.rebschule-meier.ch/sites/default/files/2017-06/Gamaret.jpg,2,2,1,,,,,,,,,,,,,,
25,Gamay,"Die Gamay-Rebe hat es stets eilig, sie treibt früh aus, blüht und reift relativ früh. Sie ist deshalb auch anfällig auf Frühjahrsfrost, dafür weniger auf Winterfrost. Ihre Erträge sind regelmässig, aber oft sehr grosszügig. Auch die unteren Augen des Gamay sind fruchtbar, und man schneidet ihn deshalb oft besonders kurz oder wählt den Cordonschnitt. Sie weist einen schwachen bis mittleren Wuchs auf und ergänzt sich darum gut mit einer starken Unterlage. Der bekannteste Schweizer Klon ist der Klon Sainte-Foix, wobei es sich dabei nicht um einen Klon im engeren Sinne handelt, sondern um eine Massenauslese. Der daraus selektionierte Klon trägt die Nummer 9-22. Er kann sich qualitativ problemlos mit den französischen Klonen, wie zum Beispiel Klon 509 oder 222 messen. An der Forschungsanstalt Changins sind in den letzten Jahren wei-tere Klone selektioniert worden. Dazu gehört auch der zertifizierte Klon 5-44/6 RAC 10.",Schwach bis Mittel,Anfang Oktober,Mittel,Blau,"Der Gamay-Wein ist bläulich-rot, hat eine relativ kräftige Säure und ein einfaches, aber lebhaftes Aroma von frischer, roter Frucht.",FALSE,https:/www.rebschule-meier.ch/sites/default/files/2017-06/Gamay.jpg,1,3,2,1500,1800,300,500,3000,4000,1,2,1,2,1,3,1,2
26,Garanoir (B28),"Wie beim Gamaret handelt es sich auch beim Garanoir um eine Kreuzung von A. Jaquinet an der Forschungsanstalt Changins. Auch diese Gamay3Reichenstein-Kreuzung treibt früh aus, die Reife wird jedoch etwas früher erreicht als beim Gamaret (wie Riesling-Sylvaner). Die hohe Botrytisresistenz trägt zusätzlich dazu bei, dass ein Anbau in ungünstigeren Lagen möglich ist. Der schwachwüchsige Garanoir mit seiner lockeren Laubwand benötigt starke Unterlagen. Schöne Weine werden dann erzielt, wenn auch nach dem Erreichen der Reife die Ernte noch hinausgezögert wird. Als zertifizierter Klon steht der 7/3 RAC15 zur Verfügung.",Schwach,Mitte September,Tief bis Mittel,Blau,Die Weine erinnern stark an den fruchtigen Gamay und haben eine intensive Farbe. Es können auch sehr schöne Rose-Weine gekeltert werden.,FALSE,https:/www.rebschule-meier.ch/sites/default/files/2017-06/Garanoir.jpg,1,3,3,,,,,,,,,,,,,,
27,Gewürztraminer,"Eine ausgezeichnete Sorte für die Produktion hochreifer Bukettweine. Aufgrund von Blatt- oder Triebmerkmalen sind der Gewürztraminer und der Rote Traminer nicht unterscheidbar, wohl aber im Geschmack. Ersterer bringt bei weniger Ertrag deutlich mehr Aroma. Als typischer Traminer zeigt der Gewürztraminer an den untersten Augen eine geringe Fruchtbarkeit und sollte deshalb lang angeschnitten werden. Die Erträge überschreiten selten 500 g/m2. Die Ansprüche an Boden und Lage sind hoch. Auf kühlen Standorten kommt es oft zu Verrieselung. Weil der Gewürztraminer zu üppigem Wuchs neigt, ist die   Unterlage SO 4 besonders geeignet. Wir empfehlen wegen ihres typischen Buketts die Klone 47 und 643, wobei es sinnvoll ist, mehr als einen Klon zu pflanzen. Neu ist der Klon RMW 97-43 zertifiziert",Stark,Anfang Oktober,Hoch,Weiss,"Das Bukett ist je nach Lage recht unterschiedlich. Auf leichtem, sandigem Boden ist es am deutlichsten ausgeprägt.",FALSE,https:/www.rebschule-meier.ch/sites/default/files/2018-01/gew%C3%BCrztraminer.jpg,3,1,2,1500,1800,300,500,3000,4000,1,2,1,2,2,3,1,3
28,Heida (Païen),"Diese unter dem Namen Heida oder Païen bekannte Spezialität des Vispertals ist ampelographisch vom Savagnin blanc (im französischen Jura beheimatet) kaum zu unterscheiden. Die Sorte gehört, wie der Räuschling oder der Gewürztraminer, zu den Traminer-Typen, was sich auch in der geringen Fruchtbarkeit der unteren Augen zeigt.",Mittel,Anfang Oktober,Hoch,Weiss,Der Wein birgt ein delikates Bukett mit Aromen von Nüssen und Haselnüssen. Im Mund präsentiert er sich frisch und körperreich mit einem langen Abgang.,FALSE,https:/www.rebschule-meier.ch/sites/default/files/2018-09/heida.jpg,,,,,,,,,,,,,,,,,
29,Helios* (Freiburger Neuzüchtung),FR 242-73 Mehrfachkreuzung mit Merzling,Mittel bis Stark,Anfang Oktober,Mittel,Weiss,"Mostgewicht wie Pinot blanc. Fäulnisanfälligkeit gering. Der Helios bringt fruchtige und saftige Weine mit eigenständiger, angenehmer Bukettierung und lebendiger Säure.",TRUE,https:/www.rebschule-meier.ch/sites/default/files/2018-09/helios.jpg,,,,,,,,,,,,,,,,,
30,Humagne blanc,"Bereits 1313 wurde diese Sorte im Wallis erstmals urkundlich erwähnt. Die stärkenden Eigenschaften des Weines, der den Wöchnerinnen wieder zu Kraft verhelfen sollte, machten ihn zu einer Legende. Die spät reifende Sorte mit länglichen Trauben und mittelgrossen, gelbgrünen Beeren ist wenig fruchtbar. Sie trägt meist nur eine Traube pro Trieb.",Stark,Ende Oktober,Hoch,Weiss,"Eine feine Säure und ein Geschmack von einer delikaten Fruchtigkeit zeichnen die Weine aus. Sie sollten 3 bis 4 Jahre gelagert werden, damit die Subtilität ihrer an Nadelbäume erinnernden Aromen voll zur Geltung kommt.",FALSE,https:/www.rebschule-meier.ch/sites/default/files/2018-09/humagne-blanc.jpg,1,2,1,,,,,,,,,,,,,,
31,Humagne rouge,"Humagne rouge ist ebenfalls eine sehr spätreifende Walliser Rarität, die aber mit der Humagne blanc keine verwandtschaftliche Beziehung hat. Äusserlich finden sich allerdings Gemeinsamkeiten. So weisen zum Beispiel beide Sorten meist nur eine Traube pro Trieb auf. Die Fruchtbarkeit der Humagne rouge ist regelmässig und gut, die Sorte ist weder besonders anfällig auf Verrieselung noch wird sie rasch von Botrytis befallen.",Mittel bis Stark,Anfang November,Hoch,Blau,"Die Sorte erbringt ungewöhnliche Weine mit unbändiger Geschmacksfülle, die gut auf Fassausbau ansprechen.",FALSE,https:/www.rebschule-meier.ch/sites/default/files/2018-12/humagne-rougue.jpg,1,2,2,,,,,,,,,,,,,,
32,Johanniter*,"Es handelt sich um eine der vielversprechendsten pilzresis-tenten Weissweinsorten. Johanniter ging aus einer Kreuzung des Staatlichen Weinbauinstitutes Freiburg im Breisgau (D) aus dem Jahre 1968 hervor. Die Muttersorte ist der Riesling. Vatersorte ist der Zuchtstamm FR 589-54 (Seyve-Villard 12-4813[Pinot gris3Chasselas]). Der Sortenname Johanniter ist eine Reverenz an den früheren Leiter der Rebenzüchtung des Staatlichen Weinbauinstitutes in Freiburg, Dr. Johannes Zimmermann. Der Johanniter lässt in seinem Erscheinungsbild viele Ähnlichkeiten mit der Muttersorte Riesling erkennen. Die Trauben sind mittelgross, zylindrisch und relativ kompakt. Der Wuchs ist nur mittelkräftig, aber weitgehend aufrecht. Die Winterfrostfestigkeit ist gut, allerdings sollten frostgefährdete Standorte wegen des verfrühten Austriebes gemieden werden. In Lagen mit hohem Infektionsdruck ist mit einem gewissen Befall durch Falschen Mehltau zu rechnen, was in der Praxis ein bis drei Pflanzenschutzbehandlungen erfordern dürfte. Der Johanniter reift etwa zur gleichen Zeit wie der Blauburgunder. Er ist sehr fruchtbar, neigt etwas zu Alternanz und sollte deshalb ausgedünnt werden.",Mittel bis Stark,Anfang Oktober,Mittel bis Hoch,Weiss,"Der Johanniter ist ein rassiger, fruchtiger und harmonischer Wein mit feinem Bukett. Er erinnert etwas an Pinot blanc oder Chasselas.",TRUE,https:/www.rebschule-meier.ch/sites/default/files/styles/large/public/2018-09/helios.jpg,,,,,,,,,,,,,,,,,
33,Kerner,"Der Kerner entstand 1929 an der Staatlichen Lehr- und Versuchsanstalt Weinsberg aus den Sorten Trollinger (Frankenthaler, Vernatsch) und Riesling. Auffällige Merkmale des Kerners sind sein starker Wuchs und ein kräftiges Blattwerk, welches auch dann noch grün ist, wenn bei den meisten anderen Sorten im Herbst die Blätter schon abgefallen sind. Es ist wichtig, dass diese Sorte ein luftiges, weiträumiges Erziehungssystem bekommt. Abgesehen von der Anfälligkeit gegenüber dem Echten Mehltau handelt es sich um eine robuste Sorte mit sehr guten Reifegraden. Die Kräuselmilbe scheint sich auf dieser Sorte besonders wohl zu fühlen. Der späte Austrieb macht sie wenig anfällig auf Frühjahrsfrost, und auch die Winterfrostfestigkeit des Kerners ist ausgesprochen hoch. In trockenen Lagen scheint der Kerner nicht besonders gut zu gedeihen. Seine Reife fällt etwa mit derjenigen des Blauburgunders zusammen, kann allerdings dank der Frostfestigkeit der Blätter herausgezogen werden, um hohe Mostgewichte zu erreichen.",Stark,Anfang Oktober,Mittel,Weiss,"Die Weine sind frisch, rassig, mit rieslingähnlichem, fruchtigem, feinem Bukett, das gelegentlich einen leichten Muskatton aufweist.",FALSE,https:/www.rebschule-meier.ch/sites/default/files/2018-09/kerner.jpg,,,,,,,,,,,,,,,,,
34,Léon Millot,"Diese von Kuhlmann im Elsass gezüchtete Sorte (Kuhlmann 194.2) hat ähnliche Eigenschaften wie der Maréchal Foch, weist jedoch etwas kleinere Trauben auf und ist weniger anfällig auf Verrieselung. Die Reife ist sehr früh. Wegen der Gefahr des Wespenfrasses und anschliessender Essigbildung sollte der Léon Millot nicht in frühen Lagen gepflanzt werden. Bezüglich Krankheits- und Frostresistenz handelt es sich um eine robuste Sorte.",Stark,Mitte September,Tief bis Mittel,Blau,"Der Wein ist samtig-elegant bis kräftig, mit einem weichen Gerbstoff. Manchmal kann er sogar fast leicht süsslich wirken.",TRUE,https:/www.rebschule-meier.ch/sites/default/files/2017-06/Leon%20Millot.jpg,,,,,,,,,,,,,,,,,
35,Malbec,"Der Malbec oder Côt, wie er in Westfrankreich genannt wird, ist eine alte französische Sorte, die erst im zwanzigsten Jahrhundert vom Merlot verdrängt wurde. Ähnlich wie der Merlot neigt der Malbec zum Verrieseln und ist anfällig auf Pilzkrankheiten. Durch den frühen Austrieb ist er frostgefährdet. In guten Blauburgunderlagen wird er zeitig reif, und es entstehen attraktive, früh trinkreife Rotweine. Der kräftige Wuchs verlangt ein weiträumiges Erziehungssystem und schwachwachsende Unterlagen. Die Unterschiede zwischen den Klonen sind gering. Wir vermehren die zertifizierten Klone INRA594, 595 und 598.",Stark,Anfang Oktober,Mittel bis Hoch,Blau,"Die Weine sind tiefrot, tanninhaltig, aber dennoch mild und weich. Das Bukett kann u.a. an Brombeeren erinnern.",FALSE,https:/www.rebschule-meier.ch/sites/default/files/styles/large/public/2018-12/syrah.jpg,,,,,,,,,,,,,,,,,
36,Maréchal Foch,"Die nach dem berühmten General aus dem Ersten Weltkrieg benannte französische Hybridrebe (Kuhlmann 188.2) ist eine gutbekannte Standardsorte mit früher bis mittelfrüher Reife. Wegen des sehr starken Wachstums und der langen Internodien sollte sie nicht zu eng gepflanzt werden. Die Trauben sind mittelgross mit kleinen Beeren, die bei schlechtem Blühwetter verrieseln können. Bei dieser Sorte bilden sich oft grünbleibende, unreife Beeren. Die Pilzresistenz ist gut, ebenso die Frosthärte",Stark,Mitte September,Mittel,Blau,"Je nach Reifegrad und Art der Vinifikation entstehen Weine mit dem Charakter eines kräftigen Blauburgunders oder eines südländischen Weines, bisweilen wirken sie etwas rauh oder weisen eine etwas grasige Note auf.",TRUE,https:/www.rebschule-meier.ch/sites/default/files/2017-06/Marechal%20Foch.jpg,,,,,,,,,,,,,,,,,
37,Marsanne blanche (Ermitage),"Man vermutet, dass sie Mitte des letzten Jahrhunderts ins Wallis eingeführt wurde, und zwar aus Hermitage in den nördlichen Côtes-du-Rhône. Ihr auch in der Schweiz gebräuchliches Synonym Ermitage deutet heute noch darauf hin. Die Marsanne blanche ist sehr spät reif und nur in Spitzenlagen zu empfehlen. Anfälligkeit gegenüber dem Echten Mehltau, Botrytis sowie die Empfindlichkeit gegen Trockenheit und Wind sind Schwachpunkte der Sorte. Dagegen zeigt sie eine hohe Fruchtbarkeit und einen erfreulich kräftigen Wuchs. Für Ermitage-Weine wird häufig auch die Sorte Roussanne mitverwendet.",Stark,Anfang November,Hoch,Weiss,"Die Weine präsentieren sich mit prächtigem Körner und intensiven Aromen, die an Beeren erinnern. Ihre Fülle und ihr Schmelz bezaubern. Ermitage ergibt auch eine Spätlese von fülliger Tiefe und samtener Ausgewogenheit. Nach einigen Jahren Lagerung entfaltet Ermitage Aromen von Honig und Wachs von einer seltenen Intensität.",FALSE,https:/www.rebschule-meier.ch/sites/default/files/2018-09/marsanne-blanche.jpg,1,3,3,,,,,,,,,,,,,,
38,Merlot,"Im Bordeaux stellt der Merlot die meistangebaute Sorte dar, in der Schweiz belegt sie den ersten Platz in den Rebbergen südlich der Alpen, wo sie gute klimatische Bedingungen vorfindet. Die Sorte zeichnet sich durch ein starkes Wachstum aus und hat ihren idealen Standort in Gebieten mit genügend Niederschlägen im Sommer. Trockenheit während der Vegetationsperiode bekommt dem Merlot schlecht. Durch seinen relativ frühen Austrieb ist er mancherorts frostgefährdet, während seine frühe Blüte ihn ausserordentlich anfällig für Verrieselung macht. Dagegen helfen jedoch schwachwüchsige Veredlungsunterlagen. Das lockere Traubengerüst des Merlot bewirkt, dass er erst gegen Ende der Reife fäulnisanfällig wird. Nicht empfindlich ist er gegenüber Echtem Mehltau, hingegen gegenüber Falschem Mehltau. Hauptklon der Schweiz ist der zertifizierte Klon 36/16 (RAC19), welcher auch von der Landwirt-schaftlichen Schule in Mezzana empfohlen wird. Unser eigener zertifizierter Klon RMW97-34 ist ein Abkömmling einer Bordeaux-Selektion für höchste Qualitäts-ansprüche. Der Klon 181 aus Frankreich gilt neben weiteren ebenfalls als hervorragender Qualitätsklon.",Stark,Ende Oktober,Mittel bis Hoch,Blau,"Sortenreine Merlot-Weine sind dunkelrot, vollmundig im Geschmack, aber bei weitem nicht so tanninreich wie der Cabernet Sauvignon.",FALSE,https:/www.rebschule-meier.ch/sites/default/files/2017-06/Merlot.jpg,2,3,1,1800,2100,300,500,3000,3500,2,3,1,2,2,3,1,3
39,Monarch* (Freiburger Neuzüchtung),FR 487-88 r Mehrfachkreuzung mit Dornfelder,Stark,Anfang Oktober,Mittel bis Hoch,Blau,"Dieser Wein ist fruchtig, farbintensiv und extraktreich.",TRUE,https:/www.rebschule-meier.ch/sites/default/files/2018-09/monarch.jpg,,,,,,,,,,,,,,,,,
40,Muscat du Valais,"Der weisse Muscat mit kleinen Beeren (Muscat à petit grains, Muscat de Frontignan, Muscat d’Alsace) wird in der Schweiz vorwiegend auf kleinen Flächen im Wallis angebaut, während er weltweit eine recht grosse Bedeutung geniesst. Der kleinbeerige Muscat ist fast mit Gewissheit die älteste bekannte Weinrebe überhaupt. Diese reich parfümierte Sorte ist weinbaulich nicht immer unproblematisch. Die besonnten Trauben reifen deutlich schneller als die Schattentrauben, was die Wahl des Erntezeitpunktes erschwert. Es empfiehlt sich, durch Auslauben die Traubenzone gut besonnt zu halten. Ausserdem neigt die Sorte zu Fäulnis, dies nicht zuletzt wegen Bienen und Wespen, welche vom süssen Duft der Beeren angezogen werden. Die Reifezeit ist spät.",Mittel bis Stark,Ende Oktober,Hoch,Weiss,Der Muscat du Valais ist gekennzeichnet durch ein kräftiges Aroma und das typische Muskatbukett. Er sollte eher jung getrunken werden.,FALSE,https:/www.rebschule-meier.ch/sites/default/files/styles/large/public/2017-06/Weisse%20Himbeertraube.jpg,,,,,,,,,,,,,,,,,
41,Petite Arvine,"Die im Wallis heimische Petite Arvine ist eine spät reifende Sorte, die nur in besten und nicht allzu trockenen Lagen zu empfehlen ist. Ihre Trauben sind klein und locker, die Beeren ebenfalls klein und rund mit feinem und delikatem Fruchtfleisch. Die Fruchtbarkeit ist gut, und die Wuchskraft richtet sich nach der Wahl der Unterlage. Residualherbizide sollen gelegentlich Probleme bieten. Überreif gelesen, ergibt die Petite Arvine einen konzentrierten, aromareichen Wein. Dieser Wein kann schon in seiner Jugend getrunken werden, besitzt aber auch ein gutes Alterungspotential. Als zertifizierter Klon steht der RAC22 zur Verfügung.",Mittel bis Stark,Anfang November,Hoch,Weiss,"Sie erbringt kräftige, volle, feinblumige Weine in trockener und lieblicher Ausführung, bei denen ein Alkoholgehalt von 13% durchaus nicht ungewöhnlich ist. Sie zeichnen sich durch eine lange Haltbarkeit aus. Im Bukett erinnert die Arvine an blühende Glycinen; mit dem schönen Gleichgewicht von Alkohol und Säure erscheint sie als noble Sorte.",FALSE,https:/www.rebschule-meier.ch/sites/default/files/2017-06/Petit%20Arvine.jpg,,,,,,,,,,,,,,,,,
42,Pinot blanc (Weissburgunder),"Gleich wie der Pinot gris ist er vom Habitus her ein typischer Pinot mit kompakten Trauben, dem Namen entsprechend aber weiss. Der Pinot blanc hat mittlere bis hohe Lageansprüche, aber keine erhöhte Mehltauanfälligkeit. Die kompakte Traubenform macht ihn allerdings etwas fäulnisanfällig, was bei der Wahl des Standortes berücksichtigt werden muss. In einer belüfteten Hang- und Hügellage gedeiht er am besten. Für eine genügende Reife sollten die Zuckerwerte deutlich über 80 Grad Öchsle liegen. Die Winterfrostanfälligkeit ist bei der meist guten Holzreife nicht bedeutend, und auch Frühjahrsfröste vermögen dem eher spät austreibenden Pinot blanc in der Regel nichts anzuhaben.",Mittel bis Stark,Anfang Oktober,Mittel bis Hoch,Weiss,"Die Weine sind eher neutral, mit leichter Fruchtnote, meist weich, harmonisch und elegant.",FALSE,https:/www.rebschule-meier.ch/sites/default/files/2018-01/Pinot%20blanc.JPG,2,2,2,1500,1800,300,500,3000,4000,1,2,1,2,2,3,1,3
43,Pinot gris (Malvoisie),"Ein weiteres Mitglied der grossen Burgunderfamilie ist der Pinot gris. Die Sorte stellt vermutlich eine recht alte Mutation des Blauburgunders dar. Es handelt sich um eine hervorragende Qualitätssorte, welche Zuckerwerte wie kaum eine andere Sorte hervorbringt. Der Pinot gris gewinnt in der Schweiz seit einigen Jahren zunehmend an Bedeutung. Wegen seines aufrechten Wuchses und hoher Winterfrostfestigkeit ist er im Anbau eher unproblematisch. Allerdings muss mit guter Laubarbeit und exakter Botrytisbekämpfung der Neigung zur Fäulnis entgegengewirkt werden.",Mittel bis Stark,Anfang Oktober,Mittel bis Hoch,Weiss,"Es ist möglich, unterschiedlichste Weintypen zu keltern, von leicht und spritzig über schwer und üppig bis edelsüss.",FALSE,https:/www.rebschule-meier.ch/sites/default/files/2017-06/Pinot%20gris.jpg,2,1,2,,,,,,,,,,,,,,
44,Pinot noir (Blauburgunder),"Der Pinot noir oder Blauburgunder ist die wichtigste Rotweinsorte der Schweiz. Die Heimat dieser edlen Rebsorte ist das Burgund. Der Name Pinot, abgeleitet vom Französischen «pin» = Fichte bzw. Fichtenzapfen, weist auf seine klassische Traubenform hin. Der Blauburgunder zeigt, wie auch andere Burgundersorten, in seinen Eigenschaften eine grosse Variabilität, was sich auch an der Vielzahl zur Verfügung stehender Klone zeigt. Jedes Weinbaugebiet hat bestimmte auf sein Klima und seine Böden zugeschnittene Klone. Die Sorte stellt hohe Ansprüche an die Vinifikation. Im Anbau bereitet der Pinot noir keine grösseren Probleme. Ein Anbau in geringen Lagen ist jedoch nicht empfehlenswert, da die Qualität hinsichtlich Mostgewicht und Farbtiefe leidet. Ebenso bleibt in schlechten Lagen die Säure unharmonisch hoch. Fruchtbarkeit und Fäulnisanfälligkeit sind je nach Klon verschieden.",Mittel bis Stark,Anfang Oktober,Mittel bis Hoch,Blau,"Pinot noir kann in der Jugend nach Himbeeren, Erdbeeren, Kirschen und Veilchen schmecken, während er bei zunehmender Reife eher herbstlich-würzige Töne annimmt. Er besitzt eine feine, geschmeidige Struktur.",FALSE,https:/www.rebschule-meier.ch/sites/default/files/2018-08/Pinot%20Noir%20classic.jpg,1,2,2,1700,1900,400,600,3000,4000,1,2,1,2,2,3,1,2
45,Prior* (Freiburger Neuzüchtung),FR 484-87 r,Stark,Ende Oktober,Hoch,Blau,"Fäulnisanfälligkeit gering. Der Prior Wein ist neutral bis fruchtig, farb- intensiv und extraktreich.",TRUE,https:/www.rebschule-meier.ch/sites/default/files/2018-09/prior.jpg,,,,,,,,,,,,,,,,,
46,Räuschling,"Der Räuschling liegt wieder neu im Trend. Weinbaulich zeigt diese Sorte manchmal Probleme mit der Blüte und neigt deshalb zu Ertragsschwankungen. Bei Niederschlägen im Spätsommer kann häufig auch ein Aufspringen der Beeren beobachtet werden. Demgegenüber weist der Stock eine gute Winterfrostfestigkeit auf. Es treiben nur die Hauptaugen aus, was die Laubarbeiten erleichtert. Das Blatt des Räuschlings ist demjenigen der Traminersorten sehr ähnlich, und die Sorte ist ebenfalls an den unteren Augen wenig fruchtbar. Den Räuschling schneidet man deshalb mit Vorteil lang an. Die zurzeit mit Erfolg am meisten angebauten Klone sind die Nummern 14 und 42.",Mittel bis Stark,Anfang Oktober,Mittel,Weiss,Die Räuschlingweine gefallen durch ihre dezente Frucht und elegante Säure.,FALSE,https:/www.rebschule-meier.ch/sites/default/files/2018-08/Roter%20Ra%CC%88uschling.jpg,3,3,1,,,,,,,,,,,,,,
47,Regent,"Der Regent ist eine Neuzüchtung der Bundesforschungsanstalt Geilweilerhof (D), hervorgegangen aus der Kreuzung Diana x Chambourcin. Er ist frohwüchsig und reift gleichzeitig mit dem Riesling-Sylvaner. Die lockeren Trauben werden gerne von Wespen heimgesucht. Magnesiummangel-Symptome, die sich über die halbe Laubwandhöhe ausdehnen können, verschwinden etwa nach dem 5. Standjahr. Beim Falschen Mehltau kann beim Regent lediglich von einer Teilresistenz gesprochen werden. Es ist ratsam, ein bis drei Fungizid-behandlungen vorzunehmen. Vor allem ist aber den mehltaumindernden Pflegemassnahmen volle Aufmerksamkeit zu schenken. Die Resistenz gegen den Echten Mehltau ist in den meisten Fällen genügend, und auch die Botrytisresistenz der Trauben ist hoch.",Mittel bis Stark,Mitte September,Mittel,Blau,"Die Kelterung von Regent ergibt tiefrote, kräftige, gerbstoffbetonte Weine, besonders durch längere Maischestandzeit. Die Möglichkeiten für den Weinausbau lassen einen grossen Spielraum",TRUE,https:/www.rebschule-meier.ch/sites/default/files/2018-09/regent.jpg,,,,,,,,,,,,,,,,,
48,Rheinriesling,"Diese vor allem in Deutschland und im Elsass weitverbreitete Sorte ist auch bekannt unter dem Namen Rheinriesling oder Petit Rhin. Die spät reifende Sorte benötigt beste Lagen, ist hingegen für fast alle Böden und Erziehungsarten geeignet. Die Weine widerspiegeln sehr deutlich die verschiedenen Bodenarten. Der Riesling ist nicht besonders anfällig gegenüber Pilzkrankheiten und Botrytis, hingegen etwas mehr gegenüber Stiellähme und Stielfäule. Er zeigt einen kräftigen, aufrechten Wuchs und zählt dank seiner guten Holzreife, Trocken-toleranz und der Winterfrostfestigkeit zum robusten Schlag. Die Erträge sind regelmässig, sollten jedoch 1 kg/m2 nicht übersteigen. Wir empfehlen den Klon FR 52.",Mittel,Ende Oktober,Hoch,Weiss,"Die Weine widerspiegeln sehr deutlich die Bodenart, sie haben Rasse und Eleganz und zuweilen ein äusserst aromatisches Bukett, das an Pfirsiche erinnern kann.",FALSE,https:/www.rebschule-meier.ch/sites/default/files/2018-09/rheinriesling.jpg,2,2,1,,,,,,,,,,,,,,
49,Riesling-Sylvaner (Müller-Thurgau),"Vom Schweizer Professor Hermann Müller 1882 in Geisenheim angeblich aus den Sorten Riesling und Sylvaner gekreuzt, hat diese Sorte bis heute eine grosse Verbreitung gefunden. Neuere Untersuchungen lassen es als wahrscheinlich erscheinen, dass die Sorte eine Kreuzung zwischen Riesling und Madeleine royal ist. Der Riesling Sylvaner bevorzugt tiefgründige, nicht zu trockene Böden. Der guten Blütefestigkeit und der Spätfrosttoleranz (fruchtbare Nebenaugen) steht die etwas erhöhte Winterfrostempfindlichkeit gegenüber.",Mittel bis Stark,Mitte September,Mittel,Weiss,"Die süffigen, leichten Qualitätsweine mit angenehmem Muskatton und milder Säure erscheinen je nach Standort mehr oder weniger aroma- intensiv und nervig.",FALSE,https:/www.rebschule-meier.ch/sites/default/files/2017-06/Riesling%20Sylvaner.jpg,2,2,1,1700,1900,400,600,3000,3500,1,2,1,2,2,3,1,3
50,Rondo*,"Den Ursprung hat diese Sorte in einer Kreuzung von Saperavi Severnyi mit St.Laurent, die 1964 in der damaligen Tschechoslowakei durchgeführt wurde. In Geisenheim wurde die Züchtung weiterverfolgt und ihr der Name Rondo gegeben. Interessant ist sie vor allem wegen der hohen Widerstandsfähigkeit gegenüber Falschem Mehltau, der hohen Weinqualität und der sehr guten Farbstoffproduktion. Die Toleranz gegenüber Echtem Mehltau ist bei Rondo hingegen geringer. Wegen des hängenden Triebwachstums verlangt die Sorte etwas mehr Laubarbeit, obwohl sie nur wenige Geiztriebe ausbildet. Spätfrostlagen müssen aufgrund des frühen Austriebs unbedingt vermieden werden. Die Reife ist ebenfalls recht früh.",Mittel,Mitte September,Mittel,Blau,"Die eleganten Weine der Sorte liegen geschmacklich nahe beim Blauburgunder. Die Farbe des Weines ist rubinrot, ohne blaue Nuancen.",TRUE,https:/www.rebschule-meier.ch/sites/default/files/2017-06/Rondo.jpg,,,,,,,,,,,,,,,,,
51,Sauvignon blanc,Die Sorte ist vor allem im Bordelais und im Loire-Tal,Stark,Anfang Oktober,Hoch,Weiss,"Die Weine zeichnen sich bei gut ausgereiftem Traubengut (ab 85 Grad Öchsle) durch ein herrlich fruchtiges Bukett aus, das intensiv nach schwarzen Johannisbeeren riecht. Rassige Säurestruktur.",FALSE,https:/www.rebschule-meier.ch/sites/default/files/2018-12/sauvignon-blanc.jpg,2,2,2,1700,1900,400,600,3000,4000,1,2,2,3,1,3,2,3
52,Scheurebe,"Die Scheurebe wurde 1916 von Georg Scheu an der Landesanstalt für Rebenzüchtung Alzey aus Silvaner und Riesling gekreuzt. In guten Lagen können Weine von hoher Qualität gewonnen werden. Unreife Weine hingegen haben ein fremdartiges Bukett. Wesentliche Anbaueigenschaften der Scheurebe sind das starke Wachstum und ihre Chlorosefestigkeit. In der Jugend ist die Scheurebe stark frostgefährdet, später aber zeigt sie sich zuverlässig frosthart, und in guten Jahren entwickelt sie Edelfäule. Sie kann dann äusserst feine Beerenauslesen und Trockenbeerenauslesen erbringen. Gegen Falschen Mehltau ist die Scheurebe ebenso empfindlich wie der Riesling-Sylvaner, sie gehört hingegen nicht zu den botrytisempfindlichen Sorten.",Mittel,Anfang Oktober,Hoch,Weiss,"Aus den Trauben der Scheurebe entstehen feine, körperreiche Weine mit verstärktem Rieslingbukett, das leicht muskatartig ist. Das Bukett erinnert nicht selten an schwarze Johannisbeeren. Es können höchste Spitzenweine gewonnen werden.",FALSE,https:/www.rebschule-meier.ch/sites/default/files/2018-09/scheurebe.jpg,,,,,,,,,,,,,,,,,
53,"Silvaner (Johannisberg, Gros Rhin)","Diese Sorte ist in der Schweiz auch unter dem Namen Johannisberg, Hanisberg oder Gros Rhin bekannt. Sie blüht und reift spät, die Blütefestigkeit ist hingegen hoch. Der Silvaner stellt hohe Ansprüche an Boden und Lage (Winterfrost). Er neigt zu hohen Erträgen, was bei ungenügend ausgereiftem Traubengut zu einem Wein mit unangenehmer Grasigkeit führen kann. Im Übrigen sind die Weine in der Jugend ziemlich neutral, können mit zunehmender Reife aber eine beachtliche Tiefe gewinnen.",Stark,Ende Oktober,Hoch,Weiss,Mit zunehmender Reife können die vorwiegend neutralen und fruchtigen Weine eine beachtliche Tiefe gewinnen.,FALSE,https:/www.rebschule-meier.ch/sites/default/files/styles/large/public/2017-06/Perle%20von%20Csaba.jpg,1,2,3,1700,1900,400,600,3500,4000,2,3,2,3,1,3,1,3
54,Solaris*,"Diese Kreuzung zwischen Merzling und Gm 6493 ist sehr frühreif und zeigt einen kräftigen, etwas liegenden Wuchs. Solaris hebt sich vor allem durch die gute Resistenz gegenüber den beiden Mehltaukrankheiten ab. Die Botrytisanfälligkeit ist etwas höher. Die Trauben sind mittelgross, auch die Beeren haben mittlere Grösse.",Stark,Mitte September,Tief bis Mittel,Weiss,"Die Weine sind eher neutral, aber kräftig und gehaltvoll. Ähnlich wie der Seyval blanc.",TRUE,https:/www.rebschule-meier.ch/sites/default/files/2018-09/solaris.jpg,,,,,,,,,,,,,,,,,
55,St. Laurent,"Der St.Laurent ist im Anbau noch wenig verbreitet. Über seine Herkunft ist man sich nicht ganz sicher, jedoch wurde er bisher als eine Spielart des Blauburgunders angesehen. Nichtsdestoweniger ist der St.Laurent eine hochwertige Rotweinsorte. Bedingt durch die verhältnismässig frühe Reife, werden mittelgute Lagen beansprucht. Besonders hervorzuheben ist die grosse Winterfrosthärte. Der frühe Austrieb verbietet allerdings das Pflanzen in ausgesprochenen Maifrostlagen. Die Trauben werden kaum von Botrytis befallen, da die Beeren eine dicke Haut besitzen. Diese besondere Eigenschaft kommt dem Säureabbau am Stock durch eine späte Lese entgegen. Die Säure ist um zwei bis drei Promille höher als die des Blauburgunders.",Mittel,Mitte September,Mittel,Blau,"Der Wein ist von hervorgehobener Qualität, von tiefroter Farbe und hat ein feines Bordeaux-Bukett.",FALSE,https:/www.rebschule-meier.ch/sites/default/files/2017-06/St.%20Laurent.jpg,,,,,,,,,,,,,,,,,
56,Syrah,"Die Syrah hat sich ihr Renommee in den Weinbergen von Ermitage in den nördlichen Côtes-du-Rhône geschaffen und wird mit Erfolg in den heissen Weinbauregionen der Welt angebaut. In der Schweiz gedeiht diese Sorte nur in besten Lagen zufriedenstellend. Ihr Austrieb erfolgt spät, dafür ist auch die Empfindlichkeit gegenüber Frühjahrsfrost nur gering. Mit einem mittleren bis üppigen Wuchs hat die Syrah meist nur eine mittelmässige Fruchtbarkeit an den unteren Augen. Ein Ertrag von 500 g/m2 führt im Allgemeinen zu einem optimalen Verhältnis von Qualität und Menge. Ein Mostgewicht von mindestens 90 Öchsle-graden ist anzustreben. Junge Reben können oft nur schwer im Ertrag reguliert werden. Ein Bestand aus alten Stöcken ist besonders hochwertig. Im klassischen Syrah-Gebiet, den oberen Côtes-du-Rhône, werden deshalb die Stöcke nur einzeln gerodet und erneuert. Empfindlich ist Syrah je nach Klon auf Trockenheit, Chlorose und Botrytis. Ausserdem brechen die Triebe bei starkem Wind leicht ab. Am weitesten verbreitet ist der Klon 100. Er zeichnet sich durch eine gute Fruchtbarkeit und ein eher lockeres Traubengerüst aus. Ein weiterer Klon ist der INRA 470. Er hat im Vergleich etwas kleinere Trauben.",Mittel bis Stark,Ende Oktober,Hoch,Blau,"Von guten Lagen kennt man tiefrote, tanninreiche Syrah-Weine mit Duft nach Veilchen im jungen Stadium und einem Aromagemisch aus schwarzen Beeren, Pfeffer, Gewürzen und Lakritze im Alter. Tanninreich und vollmundig.",FALSE,https:/www.rebschule-meier.ch/sites/default/files/2018-12/syrah.jpg,2,3,1,2000,2300,400,600,3500,4000,2,3,2,3,1,3,1,3
57,Viognier,"Diese Spezialität stammt ursprünglich aus den oberen Côtes-du-Rhône. Sie findet aber weltweit immer grössere Beachtung. Der Grund für ihren bis anhin seltenen Anbau liegt in der geringen Ertragsfähigkeit. Viognier braucht einen warmen, eher trockenen Standort, um zur vollen Reife zu gelangen. Die Sorte ist nicht besonders anfällig gegen Falschen oder Echten Mehltau, hingegen ist sie empfindlich gegen Botrytis. Es sind enge Pflanzabstände anzustreben. Wir führen nebst weiteren vor allem den Klon 642.",Schwach bis Mittel,Anfang Oktober,Hoch,Weiss,"Die Weine zeigen eine goldene Farbe, das Bukett ist zart und fruchtig, an Aprikose oder Pfirsich erinnernd, mit einem leichten Zug ins Exotische. Im Abgang ist er nicht zu schwer, jedoch anhaltend.",FALSE,https:/www.rebschule-meier.ch/sites/default/files/styles/large/public/2018-08/Ko%CC%88nigliche%20Magdalenen.JPG,1,2,2,,,,,,,,,,,,,,
58,Zweigelt,"Dr. Zweigelt von der Höheren Bundeslehranstalt in Klosterneuburg in Österreich führte 1922 eine Kreuzung der Sorten St.Laurent und Lemberger durch. Daraus entstand eine frühreife, kräftig wachsende und robuste Sorte. Der Zweigelt benötigt gute Blauburgunderlagen, Farbumschlag und Reife sind jedoch etwas früher als beim Blauburgunder. Er ist ausgesprochen frostfest und hat an den Boden keine besonderen Ansprüche. Ein besonderes Augenmerk ist auf die Ertragsregulierung zu werfen, da die Sorte zu übermässigen Erträgen neigt.",Stark,Anfang Oktober,Mittel,Blau,"Werden dem Stock keine übermässig hohen Erträge abverlangt, so entstehen körperreiche, burgunderartige Weine mit kräftiger Farbe.",FALSE,https:/www.rebschule-meier.ch/sites/default/files/2018-09/zweigelt.jpg,,,,,,,,,,,,,,,,,